Player,Nationality,Teams Played For
AB de Villiers,SA,"DC, RCB"
Aakash Chopra,IND,KKR
Aaron Finch,AUS,"DC, GL, KKR, MI, PBKS, RCB, RR, SRH"
Aavishkar Salvi,IND,DC
Abdul Basith,IND,RR
Abdul Samad,IND,"LSG, SRH"
Abdur Razzak,BAN,RCB
Abhijeet Tomar,IND,KKR
Abhimanyu Mithun,IND,"MI, RCB"
Abhinandan Singh,IND,RCB
Abhinav Kumar,IND,DQ
Abhinav Manohar,IND,"GT, SRH"
Abhinav Mukund,IND,"CSK, RCB"
Abhishek Jhunjhunwala,IND,"DQ, PWI, RR"
Abhishek Nayar,IND,"MI, RR"
Abhishek Porel,IND,DC
Abhishek Raut,IND,RR
Abhishek Sharma,IND,"DC, SRH"
Abrar Kazi,IND,RCB
Abu Nechim,IND,"MI, RCB"
Adam Gilchrist,AUS,"DQ, PBKS"
Adam Milne,NZ,"CSK, MI, RCB"
Adam Voges,AUS,RR
Adam Zampa,AUS,"RCB, RPSG, RR, SRH"
Adil Rashid,ENG,SRH
Aditya Dole,IND,RR
Aditya Tare,IND,"DC, MI, SRH"
Adrian Barath,WI,PBKS
Aiden Blizzard,AUS,MI
Aiden Markram,SA,"LSG, SRH"
Ajantha Mendis,SL,"KKR, PWI"
Ajinkya Rahane,IND,"CSK, DC, KKR, MI, RPSG"
Ajinkya Rahane †,IND,RR
Ajit Agarkar,IND,"DC, KKR"
Ajit Chandila,IND,RR
Akash Deep,IND,"LSG, RCB"
Akash Madhwal,IND,"MI, RR"
Akash Singh,IND,"LSG, RR"
Akeal Hosein,WI,SRH
Akila Dananjaya,SL,"CSK, MI"
Akshath Reddy,IND,"DQ, SRH"
Akshay Karnewar,IND,RCB
Akshay Wakhare,IND,MI
Akshdeep Nath,IND,"GL, PBKS, RCB"
Albie Morkel,SA,"CSK, DC, RCB"
Alex Carey,AUS,DC
Alex Hales,ENG,"MI, SRH"
Ali Murtaza,IND,"MI, PWI"
Alzarri Joseph,WI,"GT, MI, RCB"
Aman Khan,IND,"DC, KKR"
Ambati Rayudu,IND,"CSK, MI"
Amit Mishra,IND,"DC, DQ, GL, LSG, SRH"
Amit Paunikar ‡,IND,RR
Amit Singh,IND,RR
Amit Uniyal,IND,RR
Amitoze Singh,IND,MI
Anand Rajan,IND,"DQ, SRH"
Andre Russell,WI,"DC, KKR"
Andrew Flintoff,ENG,CSK
Andrew McDonald,AUS,"DC, RCB"
Andrew Symonds,AUS,"DQ, MI"
Andrew Tye,AUS,"CSK, GL, LSG, PBKS, RR"
André Nel,SA,MI
Aneeshwar Gautam,IND,RCB
Angelo Mathews,SL,"DC, KKR, PWI"
Aniket Choudhary,IND,RCB
Aniket Verma,IND,SRH
Anil Kumble,IND,RCB
Aniruddha Joshi,IND,RCB
Anirudh Singh,IND,DQ
Anirudha Srikkanth,IND,"CSK, SRH"
Ankeet Chavan,IND,"MI, RR"
Ankit Bawne,IND,DC
Ankit Rajpoot,IND,"KKR, LSG, RR"
Ankit Sharma,IND,"DQ, RPSG, RR, SRH"
Ankit Soni,IND,GL
Ankush Bains,IND,RPSG
Anmolpreet Singh,IND,"MI, SRH"
Anrich Nortje,SA,DC
Anshul Kamboj,IND,MI
Anuj Rawat,IND,"GT, RCB"
Anuj Rawat ‡,IND,RR
Anukul Roy,IND,"KKR, MI"
Anureet Singh,IND,"KKR, PBKS, RR"
Anustup Majumdar,IND,PWI
Apoorv Wankhade,IND,MI
Arindam Ghosh,IND,KKR
Arjun Tendulkar,IND,MI
Arjun Yadav,IND,DQ
Arshad Khan,IND,"GT, MI"
Arshdeep Singh,IND,PBKS
Arshin Kulkarni,IND,LSG
Arun Karthik,IND,RCB
Aryan Juyal,IND,"LSG, MI"
Asad Pathan,IND,RCB
Asela Gunaratne,SL,MI
Ashish Nehra,IND,"DC, MI, PWI, SRH"
Ashish Reddy,IND,"DQ, SRH"
Ashley Noffke,AUS,RCB
Ashok Dinda,IND,"DC, KKR, PWI, RCB, RPSG"
Ashok Menaria,IND,RR
Ashton Turner,AUS,"LSG, RR"
Ashutosh Sharma,IND,DC
Ashwani Kumar,IND,MI
Ashwell Prince,SA,"CSK, MI"
Atharva Taide,IND,SRH
Avesh Khan,IND,"DC, LSG, RCB, RR"
Avinash Singh,IND,RCB
Axar Patel,IND,"DC, MI, PBKS"
Ayush Badoni,IND,LSG
Azhar Bilakhia,IND,DQ
Azhar Mahmood,PAK,"KKR, PBKS"
Azmatullah Omarzai,AFG,PBKS
B. Akhil,IND,RCB
B. Chipli,IND,RCB
Baba Aparajith,IND,"CSK, RPSG"
Baba Indrajith,IND,KKR
Balachandra Akhil,IND,KTK
Barinder Sran,IND,"MI, RR, SRH"
Basil Thampi,IND,"GL, MI, SRH"
Ben Cutting,AUS,"MI, RR, SRH"
Ben Dunk,AUS,MI
Ben Hilfenhaus,AUS,"CSK, MI"
Ben Laughlin,AUS,"CSK, RR"
Ben Rohrer,AUS,DC
Ben Stokes,ENG,"CSK, RPSG, RR"
Beuran Hendricks,SA,MI
Bhagath Varma,IND,CSK
Bharat Chipli,IND,"DC, DQ"
Bhargav Bhatt,IND,PBKS
Bhuvneshwar Kumar,IND,"PWI, RCB, SRH"
Billy Stanlake,AUS,"RCB, SRH"
Biplab Samantray,IND,SRH
Bipul Sharma,IND,"PBKS, SRH"
Brad Hodge,AUS,"KKR, KTK, RR"
Brad Hogg,AUS,"KKR, RR"
Brendon McCullum,NZ,"CSK, GL, KKR, KTK, RCB"
Brett Geeves,AUS,DC
Brett Lee,AUS,"KKR, PBKS"
C. M. Gautam,IND,DC
CM Gautam,IND,RCB
Callum Ferguson,AUS,PWI
Cameron Green,AUS,"MI, RCB"
Cameron White,AUS,"DQ, RCB, SRH"
Carlos Brathwaite,WI,"DC, KKR, SRH"
Chama Milind,IND,RCB
Chamara Kapugedera,SL,CSK
Chamara Silva,SL,DQ
Chaminda Vaas,SL,DQ
Chandan Madan,IND,"KTK, MI"
Charl Langeveldt,SA,"KKR, RCB"
Chetan Sakariya,IND,"DC, RR"
Chetanya Nanda,IND,MI
Cheteshwar Pujara,IND,"CSK, KKR, RCB"
Chidhambaram Gautam,IND,MI
Chris Gayle,WI,"KKR, PBKS, RCB"
Chris Green,AUS,KKR
Chris Jordan,ENG,"MI, PBKS, RCB, SRH"
Chris Lynn,AUS,"DQ, KKR, MI"
Chris Morris,SA,"CSK, DC, RCB, RR"
Chris Woakes,ENG,"DC, KKR, RCB"
Christopher Barnwell,WI,RCB
Clint McKay,AUS,MI
Colin Ingram,SA,DC
Colin Munro,NZ,"DC, KKR, MI"
Colin de Grandhomme,NZ,"KKR, RCB"
Corey Anderson,USA,"DC, MI, RCB"
D'Arcy Short,AUS,RR
Dale Steyn,SA,"DQ, RCB, SRH"
Damien Martyn,AUS,RR
Dan Christian,AUS,"DC, DQ, RCB"
Daniel Christian,AUS,RPSG
Daniel Harris,AUS,DQ
Daniel Sams,AUS,"DC, LSG, MI, RCB"
Daniel Vettori,NZ,"DC, RCB"
Daren Sammy,WI,SRH
Darren Bravo,WI,"CSK, KKR"
Darren Lehmann,AUS,RR
Darren Sammy,WI,RCB
Darshan Nalkande,IND,GT
Daryl Mitchell,NZ,RR
David Hussey,AUS,KKR
David Miller,SA,"GT, LSG, PBKS, RR"
David Warner,AUS,"DC, SRH"
David Wiese,NAM,"KKR, RCB"
David Willey,ENG,"CSK, LSG, RCB"
Davy Jacobs,SA,MI
Debabrata Das,IND,KKR
Deepak Chahar,IND,"CSK, MI, RPSG"
Deepak Chougule,IND,KTK
Deepak Hooda,IND,"LSG, PBKS, RR, SRH"
Deepak Punia,IND,MI
Devdutt Padikkal,IND,"LSG, RCB, RR"
Devon Conway,NZ,CSK
Devraj Patil,IND,RCB
Dewald Brevis,SA,MI
Dhawal Kulkarni,IND,"GL, MI, RR"
Dheeraj Jadhav,IND,PWI
Dhruv Jurel § ‡,IND,RR
Digvesh Singh,IND,LSG
Digvijay Deshmukh,IND,MI
Dilhara Fernando,SL,MI
Dillon du Preez,SA,RCB
Dilshan Madushanka,SL,MI
Dimitri Mascarenhas,ENG,RR
Dinesh Karthik,IND,"DC, GL, KKR, MI, PBKS, RCB"
Dinesh Salunkhe,IND,RR
Dirk Nannes,AUS,"DC, RCB"
Dishant Yagnik ‡,IND,RR
Dominic Drakes,WI,GT
Dominic Thornely,AUS,MI
Domnic Joseph,IND,DC
Donovan Ferreira,SA,DC
Donovan Ferreira §,SA,RR
Doug Bollinger,AUS,CSK
Doug Bracewell,NZ,DC
Duan Jansen,SA,MI
Dushmantha Chameera,SL,"DC, LSG, RCB"
Dwaine Pretorius,SA,CSK
Dwaraka Ravi Teja,IND,SRH
Dwayne Bravo,WI,"CSK, GL, MI"
Dwayne Smith,WI,"CSK, DQ, GL, MI"
Eklavya Dwivedi,IND,"GL, PWI"
Eoin Morgan,ENG,"KKR, RCB, SRH"
Eshan Malinga,IND,SRH
Evin Lewis,WI,"LSG, MI, RR"
Fabian Allen,WI,"MI, PBKS"
Faf du Plessis,SA,"CSK, DC, RCB, RPSG"
Faiz Fazal,IND,RR
Farhaan Behardien,SA,PBKS
Farveez Maharoof,SL,DC
Fazalhaq Farooqi,AFG,"RR, SRH"
Fidel Edwards,WI,DQ
Finn Allen,NZ,RCB
Gaurav Dhiman,IND,MI
Gautam Gambhir,IND,"DC, KKR"
George Bailey,AUS,"CSK, PBKS"
George Garton,ENG,RCB
Gerald Coetzee,SA,"GT, MI"
Glenn Maxwell,AUS,"DC, MI, RCB"
Glenn McGrath,AUS,DC
Glenn Phillips,NZ,"GT, RR, SRH"
Graeme Smith,SA,"PWI, RR"
Graham Napier,ENG,MI
Gurinder Sandhu,AUS,DC
Gurkeerat Singh Mann,IND,"GT, RCB"
Halhadar Das,IND,DQ
Hanuma Vihari,IND,"DC, SRH"
Harbhajan Singh,IND,"CSK, KKR, MI"
Hardik Pandya,IND,"GT, MI"
Hari Nishanth,IND,CSK
Harmeet Singh,IND,"DQ, RR"
Harpreet Brar,IND,PBKS
Harpreet Singh,IND,"KKR, PWI"
Harpreet Singh Bhatia,IND,RCB
Harry Brook,ENG,SRH
Harry Gurney,ENG,KKR
Harsh Dubey,IND,SRH
Harshal Patel,IND,"DC, PBKS, RCB, SRH"
Harshit Rana,IND,KKR
Hashim Amla,SA,PBKS
Heinrich Klaasen,SA,"RCB, SRH"
Heinrich Klaasen ‡,SA,RR
Herschelle Gibbs,SA,"DQ, MI"
Himanshu Sharma,IND,"LSG, RCB"
Himmat Singh,IND,RCB
Hrithik Shokeen,IND,MI
Imran Tahir,SA,"CSK, DC, RPSG"
Iqbal Abdulla,IND,"KKR, RCB"
Iqbal Abdullah,IND,RR
Irfan Pathan,IND,"DC, SRH"
Ish Sodhi,NZ,RR
Ishan Kishan,IND,"GL, MI, SRH"
Ishan Malhotra,IND,MI
Ishank Jaggi,IND,"DQ, KKR"
Ishant Sharma,IND,"DC, DQ, GT, KKR, SRH"
Isuru Udana,SL,RCB
JP Duminy,SA,"DC, DQ, MI"
Jacob Bethell,ENG,RCB
Jacob Oram,NZ,"MI, RR"
Jacques Kallis,SA,"KKR, RCB"
Jagadeesh Arunkumar,IND,RCB
Jagadeesha Suchith,IND,"MI, SRH"
Jake Fraser-McGurk,AUS,DC
Jalaj Saxena,IND,"MI, RCB"
James Faulkner,AUS,"GL, PBKS, RR"
James Franklin,NZ,MI
James Hopes,AUS,"DC, PWI"
James Neesham,NZ,"DC, MI, RR"
James Pattinson,AUS,MI
Jaskaran Singh,IND,DQ
Jason Behrendorff,AUS,"MI, RCB"
Jason Holder,WI,"KKR, LSG, RR, SRH"
Jason Roy,ENG,"DC, GL, GT, KKR, SRH"
Jasprit Bumrah,IND,MI
Javed Khan,IND,MI
Javon Searles,WI,KKR
Jayant Yadav,IND,"DC, GT, MI"
Jaydev Shah,IND,"GL, MI"
Jaydev Unadkat,IND,"DC, KKR, LSG, MI, RCB, RPSG, RR, SRH"
Jeevan Mendis,SL,DC
Jerome Taylor,WI,"MI, PWI"
Jesse Ryder,NZ,RCB
Jhye Richardson,AUS,"DC, MI"
Jitesh Sharma,IND,"MI, PBKS, RCB"
Joe Denly,ENG,"KKR, RPSG"
Joe Root,ENG,RR
Jofra Archer,ENG,MI
Jofra Archer §,ENG,RR
Joginder Sharma,IND,CSK
Johan Botha,SA,"DC, KKR, RR"
Johan van der Wath,SA,RCB
John Hastings,AUS,"KKR, KTK"
Jonathan Vandiar,SA,RCB
Jonny Bairstow,ENG,"PBKS, SRH"
Jos Buttler,ENG,"GT, MI"
Jos Buttler ‡,ENG,RR
Josh Hazlewood,AUS,"MI, RCB"
Josh Inglis,AUS,PBKS
Josh Philippe,AUS,RCB
Joshua Little,IRE,GT
Junior Dala,SA,DC
K. S. Bharat,IND,DC
KC Cariappa,IND,"KKR, PBKS"
KL Rahul,IND,"DC, LSG, PBKS, RCB, SRH"
KM Asif,IND,"CSK, RR"
KP Appanna,IND,RCB
KS Bharat,IND,"GT, RCB"
Kagiso Rabada,SA,"DC, PBKS"
Kalyankrishna Doddapaneni,IND,DQ
Kamindu Mendis,SL,SRH
Kamlesh Nagarkoti,IND,"DC, KKR"
Kamran Akmal ‡,PAK,RR
Kamran Khan,IND,RR
Kane Richardson,AUS,"RCB, RR"
Kane Williamson,NZ,"GT, SRH"
Karan Sharma,IND,"LSG, RCB"
Karim Janat,AFG,GT
Karn Sharma,IND,"MI, SRH"
Kartik Tyagi,IND,"RR, SRH"
Karun Nair,IND,"DC, PBKS, RCB, RR"
Kedar Devdhar,IND,DQ
Kedar Jadhav,IND,"CSK, DC, KTK, RCB, SRH"
Keemo Paul,WI,DC
Kemar Roach,WI,DQ
Keshav Maharaj,SA,RR
Kevin Pietersen,ENG,"DC, RCB"
Kevon Cooper,WI,RR
Khaleel Ahmed,IND,"DC, SRH"
Kieron Pollard,WI,MI
Kishore Kamath,IND,MI
Krishmar Santokie,WI,MI
Krishnappa Gowtham,IND,"LSG, MI, PBKS, RR"
Krunal Pandya,IND,"LSG, MI, RCB"
Kuldeep Sen §,IND,RR
Kuldeep Yadav,IND,"DC, KKR, MI"
Kuldip Yadav,IND,RR
Kulwant Khejroliya,IND,"GT, KKR, MI, RCB"
Kumar Kartikeya,IND,"MI, RR"
Kumar Kushagra,IND,"DC, GT"
Kumar Sangakkara,SL,"DQ, PBKS, SRH"
Kunal Singh Rathore ‡,IND,RR
Kusal Perera,SL,RR
Kwena Maphaka §,SA,RR
Kyle Abbott,SA,PBKS
Kyle Jamieson,NZ,"CSK, RCB"
Kyle Mayers,WI,LSG
Kyle Mills,NZ,MI
Lakshmipathy Balaji,IND,"CSK, KKR, PBKS"
Lalit Yadav,IND,DC
Lasith Malinga,SL,MI
Laxmi Shukla,IND,"DC, KKR"
Lee Carseldine,AUS,RR
Lendl Simmons,WI,MI
Liam Livingstone,ENG,"PBKS, RCB"
Liam Plunkett,ENG,DC
Litton Das,BAN,KKR
Lizaad Williams,SA,DC
Lockie Ferguson,NZ,"GT, KKR, PBKS, RCB, RPSG"
Loots Bosman,SA,MI
Love Ablish,IND,PBKS
Luke Pomersbach,AUS,RCB
Luke Ronchi,NZ,MI
Luke Wright,ENG,PWI
Lukman Meriwala,IND,DC
Lungi Ngidi,SA,"CSK, RCB"
Luvnith Sisodia,IND,RCB
M. Siddharth,IND,LSG
MD Nidheesh,IND,MI
MS Dhoni,IND,"CSK, RPSG"
Maheesh Theekshana,SL,"CSK, RR"
Mahela Jayawardene,SL,"DC, KTK, PBKS"
Mahesh Rawat ‡,IND,RR
Mahipal Lomror,IND,"GT, RCB, RR"
Makhaya Ntini,SA,CSK
Manan Vohra,IND,"LSG, RCB, RR"
Manav Suthar,IND,GT
Mandeep Singh,IND,"DC, KKR, RCB"
Manish Pandey,IND,"DC, KKR, LSG, MI, PWI, RCB, SRH"
Manoj Bhandage,IND,RCB
Manoj Tiwary,IND,"DC, KKR, RPSG"
Manpreet Gony,IND,"CSK, DQ"
Manprit Juneja,IND,DC
Manvinder Bisla,IND,"PBKS, RCB"
Marchant de Lange,SA,"KKR, MI"
Marco Jansen,SA,"MI, PBKS, SRH"
Marcus Stoinis,AUS,"DC, LSG, PBKS, RCB"
Mark Boucher,SA,"KKR, RCB"
Mark Wood,ENG,"CSK, LSG"
Marlon Samuels,WI,"DC, PWI"
Martin Guptill,NZ,"MI, PBKS, SRH"
Mashrafe Mortaza,BAN,KKR
Matheesha Pathirana,SL,CSK
Matt Henry,NZ,LSG
Matthew Breetzke,SA,LSG
Matthew Hayden,AUS,CSK
Matthew Wade,AUS,"DC, GT"
Mayank Agarwal,IND,"DC, PBKS, RCB, RPSG, SRH"
Mayank Dagar,IND,"RCB, SRH"
Mayank Markande,IND,"MI, RR, SRH"
Mayank Yadav,IND,LSG
Michael Bracewell,NZ,RCB
Michael Clarke,AUS,PWI
Michael Hussey,AUS,"CSK, MI"
Michael Klinger,AUS,KTK
Michael Lumb,ENG,RR
Milind Kumar,IND,RCB
Milind Tandon,IND,RPSG
Misbah-ul-Haq,PAK,RCB
Mitch Owen,AUS,PBKS
Mitchell Johnson,AUS,"KKR, MI, PBKS"
Mitchell Marsh,AUS,"DC, DQ, LSG, PWI, RPSG, SRH"
Mitchell McClenaghan,NZ,MI
Mitchell Santner,NZ,"CSK, MI"
Mitchell Starc,AUS,"DC, RCB"
Mithun Manhas,IND,"DC, PWI"
Moeen Ali,ENG,"CSK, RCB"
Mohammad Ashraful,BAN,"CSK, MI"
Mohammad Asif,PAK,DC
Mohammad Hafeez,PAK,KKR
Mohammad Kaif,IND,"RCB, RR"
Mohammad Nabi,AFG,"CSK, MI, SRH"
Mohammed Azharuddeen,IND,RCB
Mohammed Shami,IND,"DC, GT, KKR, PBKS, SRH"
Mohammed Siraj,IND,"GT, RCB, SRH"
Mohd. Arshad Khan,IND,LSG
Mohit Rathee,IND,RCB
Mohit Sharma,IND,"CSK, DC, GT"
Mohnish Mishra,IND,"DQ, PWI"
Mohnish Parmar,IND,KKR
Mohsin Khan,IND,"LSG, MI"
Moises Henriques,AUS,"DC, KKR, MI, PBKS, RCB, SRH"
Monu Kumar,IND,CSK
Morne Morkel,SA,"DC, KKR, RR"
Morne van Wyk,SA,KKR
Mujeeb Ur Rahman,AFG,"CSK, MI, PBKS, SRH"
Mukesh Choudhary,IND,CSK
Mukesh Kumar,IND,DC
Munaf Patel,IND,"GL, MI, RR"
Murali Kartik,IND,"KKR, PWI, RCB"
Murali Vijay,IND,"CSK, DC, PBKS"
Murugan Ashwin,IND,"MI, PBKS, RCB, RR"
Musavir Khote,IND,MI
Musheer Khan,IND,PBKS
Mustafizur Rahman,BAN,"CSK, DC, MI, RR, SRH"
Muttiah Muralitharan,SL,"KTK, RCB"
Naman Dhir,IND,MI
Naman Ojha,IND,"DC, SRH"
Naman Ojha ‡,IND,RR
Nandre Burger §,SA,RR
Narayan Jagadeesan,IND,CSK
Nathan Coulter-Nile,AUS,"DC, KKR, MI, RR"
Nathan Ellis,AUS,PBKS
Nathu Singh,IND,"GL, MI"
Navdeep Saini,IND,"RCB, RR"
Naveen-ul-Haq,AFG,LSG
Nayan Doshi,ENG,RR
Nehal Wadhera,IND,"MI, PBKS"
Nic Maddinson,AUS,RCB
Nicholas Pooran,WI,"LSG, MI, PBKS, SRH"
Nikhil Naik,IND,KKR
Niraj Patel,IND,RR
Nishant Sindhu,IND,GT
Nitish Kumar Reddy,IND,SRH
Nitish Rana,IND,"KKR, MI, RR"
Noor Ahmad,AFG,GT
Nuwan Pradeep,SL,RCB
Nuwan Thushara,SL,"MI, RCB"
Nuwan Zoysa,SL,DQ
Obed McCoy,WI,RR
Odean Smith,WI,GT
Oshane Thomas,WI,RR
Owais Shah,ENG,"DC, KKR, KTK, RR"
Pankaj Jaswal,IND,MI
Pankaj Singh,IND,"RCB, RR"
Paras Dogra,IND,"GL, KKR, RR"
Parthiv Patel,IND,"CSK, DQ, KTK, MI, RCB, SRH"
Parvez Rasool,IND,SRH
Parvinder Awana,IND,PBKS
Pat Cummins,AUS,"DC, KKR, MI, SRH"
Paul Collingwood,ENG,DC
Paul Valthaty,IND,"PBKS, RR"
Pavan Deshpande,IND,RCB
Pawan Negi,IND,"CSK, DC, RCB"
Pawan Suyal,IND,MI
Peter Handscomb,AUS,RPSG
Phil Salt,ENG,"DC, RCB"
Phillip Hughes,AUS,MI
Pinal Shah,IND,MI
Pinal Shah ‡,IND,RR
Piyush Chawla,IND,"KKR, MI, PBKS"
Pradeep Sangwan,IND,"DC, GL, GT, KKR, MI"
Pragyan Ojha,IND,"DQ, MI"
Prasanth Parameswaran,IND,RCB
Prashant Chopra,IND,RR
Prashant Solanki,IND,CSK
Prasidh Krishna,IND,"GT, KKR, RR"
Praveen Dubey,IND,"DC, RCB"
Praveen Kumar,IND,"GL, MI, RCB, SRH"
Pravin Tambe,IND,RR
Prayas Ray Barman,IND,RCB
Prerak Mankad,IND,LSG
Prince Balwant Rai,IND,MI
Prince Yadav,IND,LSG
Prithvi Raj,IND,KKR
Prithvi Shaw,IND,DC
Priyam Garg,IND,"DC, SRH"
Priyansh Arya,IND,PBKS
Quinton de Kock,SA,"DC, KKR, LSG, MI, RCB, SRH"
R Sai Kishore,IND,GT
R. P. Singh,IND,"DQ, MI"
R.P. Singh,IND,RCB
RP Singh,IND,KTK
Raghav Goyal,IND,MI
Rahil Shaikh,IND,MI
Rahmanullah Gurbaz,AFG,GT
Rahul Buddhi,IND,MI
Rahul Chahar,IND,"MI, PBKS, RPSG, SRH"
Rahul Dravid,IND,RCB
Rahul Dravid †,IND,RR
Rahul Sharma,IND,"DC, DQ, PWI"
Rahul Shukla,IND,"DC, MI, RR"
Rahul Tewatia,IND,"DC, GT, RR"
Rahul Tripathi,IND,"KKR, RPSG, RR, SRH"
Raiphi Gomez,IND,PWI
Raj Angad Bawa,IND,MI
Raj Bawa,IND,PBKS
Rajagopal Sathish,IND,"KKR, MI"
Rajan Kumar,IND,RCB
Rajat Bhatia,IND,"DC, KKR, RPSG, RR"
Rajat Patidar,IND,RCB
Rajesh Bishnoi,IND,RCB
Rajesh Pawar,IND,MI
Rajoo Bhatkal,IND,RCB
Rajvardhan Hangargekar,IND,"CSK, LSG"
Ramandeep Singh,IND,"KKR, MI"
Ramesh Powar,IND,KTK
Rashid Khan,AFG,"GT, SRH"
Rasikh Salam,IND,"DC, KKR, MI"
Rasikh Salam Dar,IND,RCB
Rassie van der Dussen,SA,RR
Ravi Bishnoi,IND,LSG
Ravi Bopara,ENG,"PBKS, SRH"
Ravi Rampaul,WI,RCB
Ravi Teja Dwaraka,IND,DQ
Ravichandran Ashwin,IND,"CSK, DC, PBKS, RPSG, RR"
Ravindra Jadeja,IND,"CSK, GL, KTK"
Ravindra Jadeja §,IND,RR
Reece Topley,ENG,RCB
Richard Levi,SA,MI
Ricky Bhui,IND,"DC, SRH"
Ricky Ponting,AUS,"KKR, MI"
Rilee Rossouw,SA,"DC, RCB"
Riley Meredith,AUS,MI
Rinku Singh,IND,KKR
Ripal Patel,IND,DC
Rishabh Pant,IND,"DC, LSG"
Rishi Dhawan,IND,"MI, PBKS"
Riyan Parag § †,IND,RR
Rob Quiney,AUS,RR
Robin Minz,IND,MI
Robin Peterson,SA,MI
Robin Uthappa,IND,"CSK, KKR, MI, PWI, RCB, RR"
Roelof van der Merwe,NED,"DC, RCB"
Rohan Gavaskar,IND,KKR
Rohan Raje,IND,MI
Rohit Sharma,IND,"DQ, MI"
Romario Shepherd,WI,"LSG, MI, RCB, SRH"
Roosh Kalaria,IND,MI
Ross Taylor,NZ,"DC, RCB, RR"
Rovman Powell,WI,"DC, RR"
Rusty Theron,USA,RR
Ruturaj Gaikwad,IND,CSK
Ryan Harris,AUS,"DQ, PBKS"
Ryan McLaren,SA,"CSK, KKR, MI"
Ryan Ninan,IND,RCB
Ryan Rickelton,SA,MI
Ryan ten Doeschate,NED,KKR
S Sreesanth,IND,KTK
S. Sreesanth,IND,RR
S. Thiyagarajan,IND,RCB
Sachin Baby,IND,"RCB, RR, SRH"
Sachin Rana,IND,RCB
Sachin Tendulkar,IND,MI
Sachithra Senanayake,SL,KKR
Sai Kishore,IND,CSK
Sai Sudharsan,IND,GT
Salman Butt,PAK,KKR
Sam Billings,ENG,DC
Sam Curran,ENG,"CSK, PBKS"
Sameer Rizvi,IND,DC
Samuel Badree,WI,"CSK, RCB, RR"
Sanath Jayasuriya,SL,MI
Sandeep Lamichhane,Nepal,DC
Sandeep Sharma,IND,SRH
Sandeep Sharma §,IND,RR
Sandeep Warrier,IND,"KKR, MI, RCB"
Sanjay Bangar,IND,"DQ, KKR"
Sanjay Yadav,IND,MI
Sanju Samson,IND,DC
Sanju Samson ‡ †,IND,RR
Santosh Yadav,IND,MI
Sanvir Singh,IND,SRH
Sarabjit Ladda,IND,"DC, GL, KKR"
Sarfaraz Khan,IND,"DC, RCB"
Sarul Kanwar,IND,MI
Satyanarayana Raju,IND,MI
Saurabh Kumar,IND,RPSG
Saurabh Tiwary,IND,"DC, MI, RCB"
Saurav Chauhan,IND,RCB
Scott Boland,AUS,RPSG
Scott Styris,NZ,"CSK, DQ"
Sean Abbott,AUS,"RCB, SRH"
Shadab Jakati,IND,"GL, RCB"
Shahbaz Ahmed,IND,"LSG, RCB, SRH"
Shahbaz Nadeem,IND,"DC, LSG, SRH"
Shahid Afridi,PAK,DQ
Shahrukh Khan,IND,GT
Shai Hope,WI,DC
Shakib Al Hasan,BAN,"KKR, SRH"
Shamar Joseph,WI,LSG
Shams Mulani,IND,MI
Shane Bond,NZ,KKR
Shane Harwood,AUS,RR
Shane Warne †,AUS,RR
Shane Watson,AUS,"CSK, RCB"
Shane Watson †,AUS,RR
Sharad Lumba,IND,MI
Shardul Thakur,IND,"CSK, DC, KKR"
Shashank Singh,IND,"PBKS, SRH"
Shaun Pollock,SA,MI
Shaun Tait,AUS,RR
Sheldon Cottrell,WI,PBKS
Sheldon Jackson,IND,RCB
Sherfane Rutherford,WI,"DC, MI, RCB"
Shikhar Dhawan,IND,"DC, DQ, MI, PBKS, SRH"
Shimron Hetmyer,WI,"DC, RCB"
Shimron Hetmyer §,WI,RR
Shishir Bhavane,IND,RCB
Shivalik Sharma,IND,MI
Shivam Dube,IND,"CSK, RCB, RR"
Shivam Mavi,IND,"GT, KKR, LSG"
Shivil Kaushik,IND,GL
Shivnarine Chanderpaul,WI,RCB
Shoaib Ahmed,IND,DQ
Shoaib Akhtar,PAK,KKR
Shoaib Malik,PAK,DC
Shoaib Shaikh,IND,KKR
Shreevats Goswami,IND,"RCB, SRH"
Shreevats Goswami ‡,IND,RR
Shreyas Gopal,IND,"MI, RR, SRH"
Shreyas Iyer,IND,"DC, KKR, PBKS"
Shrikant Wagh,IND,RR
Shubham Dubey §,IND,RR
Shubman Gill,IND,"GT, KKR"
Siddarth Kaul,IND,"DC, SRH"
Siddharth Chitnis,IND,"MI, RR"
Siddharth Kaul,IND,RCB
Siddharth Trivedi,IND,RR
Siddhesh Lad,IND,MI
Simarjeet Singh,IND,"CSK, MI, SRH"
Sisanda Magala,SA,CSK
Sohail Tanvir,PAK,RR
Sonu Yadav,IND,RCB
Sourav Ganguly,IND,"KKR, PWI"
Sourav Sarkar,IND,KKR
Sreenath Aravind,IND,RCB
Sridharan Sriram,IND,"DC, RCB"
Stephen Fleming,NZ,CSK
Steve Smith,AUS,"DC, RCB"
Steve Smith †,AUS,RR
Steven Smith,AUS,"KTK, PWI, RPSG"
Stuart Binny,IND,"RCB, RR"
Subramaniam Badrinath,IND,"CSK, RCB"
Sudhesan Midhun,IND,RR
Sujit Nayak,IND,MI
Suman Tirumalasetti,IND,DQ
Sumanth Bodapati,IND,DQ
Sumit Kumar,IND,DC
Sumit Narwal,IND,"KKR, RR"
Sunil Joshi,IND,RCB
Sunil Narine,WI,KKR
Sunny Gupta,IND,DC
Sunny Sohal,IND,"DQ, RCB"
Suraj Randiv,SL,CSK
Suresh Raina,IND,"CSK, GL"
Suryakumar Yadav,IND,"KKR, MI"
Sushant Marathe,IND,MI
Suyash Prabhudessai,IND,RCB
Suyash Sharma,IND,"KKR, RCB"
Swapnil Asnodkar,IND,RR
Swapnil Singh,IND,"LSG, MI, RCB"
Swastik Chikara,IND,RCB
Syed Mohammed,IND,RCB
Syed Shahabuddin,IND,MI
T. Natarajan,IND,SRH
Tabraiz Shamsi,SA,"RCB, RR"
Tajinder Singh,IND,MI
Tamim Iqbal,BAN,PWI
Tanmay Mishra,KEN,RCB
Tanmay Srivastava,IND,KTK
Tanush Kotian,IND,RR
Taruwar Kohli,IND,RR
Tatenda Taibu,ZIM,KKR
Tejas Baroka,IND,GL
Thalaivan Sargunam,IND,SRH
Thilan Thushara,SL,CSK
Thisara Perera,SL,"CSK, KTK, MI, RPSG, SRH"
Tilak Varma,IND,MI
Tillakaratne Dilshan,SL,"DC, RCB"
Tim David,AUS,"MI, RCB"
Tim Seifert,NZ,DC
Tim Southee,NZ,"KKR, MI, RCB, RR"
Tirumalasetti Suman,IND,MI
Tom Curran,ENG,"DC, KKR, RCB, RR"
Tom Kohler-Cadmore ‡,ENG,RR
Travis Birt,AUS,DC
Travis Head,AUS,"RCB, SRH"
Trent Boult,NZ,"DC, KKR, MI, RR, SRH"
Tristan Stubbs,SA,"DC, MI"
Tushar Deshpande,IND,"CSK, DC"
Tushar Deshpande §,IND,RR
Tymal Mills,ENG,"MI, RCB"
Tyron Henderson,SA,RR
Udit Birla,IND,PWI
Umang Sharma,IND,GL
Umar Gul,PAK,KKR
Umesh Yadav,IND,"DC, KKR, RCB"
Umran Malik,IND,SRH
Unmukt Chand,USA,"DC, MI, RR"
Urvil Patel,IND,GT
VVS Laxman,IND,"DQ, KTK"
Vaibhav Arora,IND,"KKR, PBKS"
Vaibhav Sooryavanshi §,IND,RR
Varun Aaron,IND,"DC, GT, PBKS, RCB, RR"
Varun Chakaravarthy,IND,KKR
Venkatesh Iyer,IND,KKR
Venugopal Rao,IND,"DC, DQ, SRH"
Vignesh Puthur,IND,MI
Vijay Kumar,IND,DQ
Vijay Shankar,IND,"DC, GT, SRH"
Vijay Zol,IND,RCB
Vijayakanth Viyaskanth,IND,SRH
Vijaykumar Vyshak,IND,PBKS
Vikas Tokas,IND,RCB
Vikramjeet Malik,IND,"RCB, RR"
Vikrant Yeligati,IND,MI
Vinay Kumar,IND,"KKR, KTK, MI, RCB"
Vipin sevaram,IND,MI
Vipraj Nigam,IND,DC
Virat Kohli,IND,RCB
Virat Singh,IND,SRH
Virender Sehwag,IND,"DC, PBKS"
Vishnu Vinod,IND,"MI, RCB"
Vivrant Sharma,IND,SRH
Vyshak Vijaykumar,IND,RCB
Wanindu Hasaranga,SL,"RCB, RR"
Washington Sundar,IND,"GT, RCB, RPSG, SRH"
Wasim Jaffer,IND,RCB
Wayne Parnell,SA,"DC, PWI, RCB"
Wiaan Mulder,SA,SRH
Will Jacks,ENG,"MI, RCB"
Wriddhiman Saha,IND,"CSK, GT, PBKS, SRH"
Xavier Bartlett,AUS,PBKS
Yash Dayal,IND,"GT, RCB"
Yash Dhull,IND,DC
Yash Thakur,IND,"LSG, PBKS"
Yashasvi Jaiswal §,IND,RR
Yashpal Singh,IND,"KKR, KTK"
Yo Mahesh,IND,DC
Yogesh Nagar,IND,DC
Yogesh Takawale,IND,"MI, RCB"
Younis Khan,PAK,RR
Yudhvir Charak,IND,LSG
Yudhvir Singh,IND,MI
Yudhvir Singh §,IND,RR
Yusuf Abdullah,SA,PBKS
Yusuf Pathan,IND,"KKR, RR, SRH"
Yuvraj Chaudhary,IND,LSG
Yuvraj Singh,IND,"DC, MI, PBKS, PWI, RCB, SRH"
Yuzvendra Chahal,IND,"MI, PBKS, RCB, RR"
Zaheer Khan,IND,"DC, MI, RCB"
Zeeshan Ansari,IND,SRH
